{
  "Cdep_min": 0.000997903534416728,
  "Cmin": 0.000871917952069269,
  "Cox": 0.006906266493984001,
  "Q_dep_max": 0.0016632457582143594,
  "V_FB": -0.977,
  "V_T": 0.09720140047277348,
  "W_dmax": 1.0381163492953296e-07,
  "phi_F": 0.416685005326322
}